"es_id","study","species","category","yi","vi","resid"
31,31,"Axoclinus_carminalis","gsi",0.134395348,0.085902433,2.77276540410111
33,31,"Axoclinus_carminalis","quantity",1.395662409,0.207247366,1.78019440418145
29,31,"Axoclinus_nigricaudus","gsi",-0.439806387,0.093242336,2.19856366910111
30,31,"Axoclinus_nigricaudus","gsi",-0.841404561,0.089163898,1.79696549510111
32,31,"Axoclinus_nigricaudus","quantity",1.002202174,0.187591858,1.38673416918145
119,39,"Gasterosteus_aculeatus","quality",0.491239216,0.05659411,0.742282614146053
120,39,"Gasterosteus_aculeatus","quality",0.581043394,0.05723608,0.832086792146053
121,39,"Gasterosteus_aculeatus","quality",-0.110884767,0.055067307,0.140158631146053
122,39,"Gasterosteus_aculeatus","quality",0.077435062,0.055025312,0.328478460146053
123,39,"Gasterosteus_aculeatus","quality",0.57594919,0.057196787,0.826992588146053
124,39,"Gasterosteus_aculeatus","quantity",0.292897803,0.055557265,0.677429798181451
125,39,"Gasterosteus_aculeatus","quantity",-0.077508793,0.055025388,0.307023202181451
126,39,"Gasterosteus_aculeatus","quality",-1.198046663,0.064554109,-0.947003264853947
127,39,"Gasterosteus_aculeatus","quality",-0.769101579,0.058928786,-0.518058180853947
128,39,"Gasterosteus_aculeatus","quality",0.067046641,0.055015306,0.318090039146053
56,5,"Gobius_niger","allocation",0.404549353,0.266396671,-2.32835212218175
57,5,"Gobius_niger","allocation",0.157710919,0.263092208,-2.57519055618175
58,5,"Gobius_niger","allocation",0.922429544,0.282758959,-1.81047193118175
59,5,"Gobius_niger","allocation",1.057079965,0.289105192,-1.67582151018175
60,23,"Gobius_niger","gsi",-1.915782807,0.098919683,0.722587249101108
61,23,"Gobius_niger","quality",1.335084669,0.08292161,1.58612806714605
62,23,"Gobius_niger","quantity",-1.500574505,0.086898497,-1.11604250981855
63,23,"Gobius_niger","quantity",-0.168231853,0.068055939,0.216300142181451
102,35,"Gobius_niger","gsi",-2.202562526,0.356980047,0.435807530101108
103,35,"Gobius_niger","quality",0.206202099,0.223403314,0.457245497146053
108,46,"Gobius_niger","quality",-0.321596164,0.155835079,-0.0705527658539467
110,46,"Gobius_niger","quality",-1.36564389,0.205520484,-1.11460049185395
111,46,"Gobius_niger","quality",-1.303371155,0.202057841,-1.05232775685395
112,46,"Gobius_niger","quality",-1.428497389,0.209179266,-1.17745399085395
116,46,"Gobius_niger","quality",-1.152174196,0.322027957,-0.901130797853947
91,38,"Lamprologus_callipterus","gsi",-2.578906902,0.047407611,0.0594631541011084
145,33,"Lamprologus_callipterus","gsi",-2.343571439,0.088417646,0.294798617101108
188,37,"Lamprologus_lemairii","quantity",-0.36367614,0.194058147,0.0208558551814511
189,37,"Lamprologus_lemairii","quality",0.087872832,0.191092939,0.338916230146053
190,37,"Lamprologus_lemairii","quality",-0.444023728,0.178528448,-0.192980329853947
191,37,"Lamprologus_lemairii","quality",-0.33641115,0.185905435,-0.0853677518539467
19,29,"Lepomis_macrochirus","quality",0.398765655,0.186947289,0.649809053146053
20,29,"Lepomis_macrochirus","quantity",-1.061184,0.22,-0.676652004818549
21,29,"Lepomis_macrochirus","quantity",1.375776,0.2398,1.76030799518145
22,29,"Lepomis_macrochirus","quality",2.591435294,0.5206,2.84247869214605
23,29,"Lepomis_macrochirus","quantity",1.400516456,0.2315,1.78504845118145
81,21,"Lepomis_macrochirus","gsi",-2.481880669,0.063731343,0.156489387101108
82,21,"Lepomis_macrochirus","quantity",-3.854711516,0.134422649,-3.47017952081855
83,21,"Lepomis_macrochirus","quality",1.885970957,0.34747145,2.13701435514605
84,20,"Lepomis_macrochirus","quality",-0.119516997,0.196753215,0.131526401146053
85,20,"Lepomis_macrochirus","quality",-1.460062697,0.244878187,-1.20901929885395
86,20,"Lepomis_macrochirus","quality",-0.482927304,0.201728998,-0.231883905853947
87,20,"Lepomis_macrochirus","quality",-1.364344304,0.2421,-1.11330090585395
88,20,"Lepomis_macrochirus","quality",-1.023306329,0.2221,-0.772262930853947
92,42,"Lepomis_macrochirus","quantity",54.72312437,60.05266324,55.1076563651815
93,42,"Lepomis_macrochirus","quality",-0.160290491,0.160770271,0.0907529071460533
94,42,"Lepomis_macrochirus","quality",0.396072308,0.163393876,0.647115706146053
95,42,"Lepomis_macrochirus","quality",-0.641600441,0.168489433,-0.390557042853947
193,14,"Neolamprologus_modestus","gsi",-2.112929811,0.189865743,0.525440245101108
48,7,"Oncorhynchus_masou","gsi",1.568622722,0.04896762,4.20699277810111
49,7,"Oncorhynchus_masou","gsi",1.590689516,0.049159147,4.22905957210111
50,7,"Oncorhynchus_masou","gsi",2.234565424,0.127491326,4.87293548010111
51,7,"Oncorhynchus_masou","gsi",2.286998456,0.128688697,4.92536851210111
26,13,"Oncorhynchus_nerka","quantity",-1.999544928,0.918446515,-1.61501293281855
27,13,"Oncorhynchus_nerka","quality",-1.699781579,4.67580568,-1.44873818085395
28,13,"Oncorhynchus_nerka","quality",0.511355555,0.846205156,0.762398953146053
162,18,"Oncorhynchus_tshawytscha","gsi",-1.233386317,0.115398893,1.40498373910111
163,18,"Oncorhynchus_tshawytscha","quality",-0.858378834,0.108135675,-0.607335435853947
164,18,"Oncorhynchus_tshawytscha","quality",-0.856884103,0.108111935,-0.605840704853947
165,18,"Oncorhynchus_tshawytscha","quality",-0.818330419,0.10751392,-0.567287020853947
166,18,"Oncorhynchus_tshawytscha","quality",-0.259814334,0.101938353,-0.00877093585394667
167,18,"Oncorhynchus_tshawytscha","quantity",-0.162928396,0.101559114,0.221603599181451
173,44,"Oncorhynchus_tshawytscha","gsi",-1.202553897,0.086151738,1.43581615910111
174,44,"Oncorhynchus_tshawytscha","quality",-0.597793056,0.077645649,-0.346749657853947
175,44,"Oncorhynchus_tshawytscha","quality",-0.353464343,0.075829872,-0.102420944853947
176,44,"Oncorhynchus_tshawytscha","quality",-0.37608649,0.075958809,-0.125043091853947
177,44,"Oncorhynchus_tshawytscha","quality",-0.296682446,0.075541461,-0.0456390478539467
178,44,"Oncorhynchus_tshawytscha","quality",-0.250624525,0.134975449,0.000418873146053322
179,44,"Oncorhynchus_tshawytscha","quality",-0.304703004,0.13547597,-0.0536596058539467
180,44,"Oncorhynchus_tshawytscha","quality",0.561307915,0.139179681,0.812351313146053
181,44,"Oncorhynchus_tshawytscha","quality",-0.274506065,0.112501686,-0.0234626668539467
186,1,"Oncorhynchus_tshawytscha","quantity",0.344988799,0.405950864,0.729520794181451
206,41,"Oncorhynchus_tshawytscha","quality",-0.413897517,0.145916271,-0.162854118853947
207,41,"Oncorhynchus_tshawytscha","quality",0.086388953,0.142990412,0.337432351146053
77,47,"Parablennius_parvicornis","gsi",-1.543391666,0.279331666,1.09497839010111
34,11,"Parablennius_sanguinolentus_parvicornis","gsi",-1.983625962,0.373304344,0.654744094101108
35,11,"Parablennius_sanguinolentus_parvicornis","quality",0.48740871,0.307918908,0.738452108146053
129,15,"Poecilia_parae","quantity",-0.691057469,0.115277049,-0.306525473818549
131,15,"Poecilia_parae","quality",-0.053771715,0.108862602,0.197271683146053
132,15,"Poecilia_parae","quality",1.021662582,0.12292886,1.27270598014605
133,15,"Poecilia_parae","quality",-1.381429165,0.134611996,-1.13038576685395
134,15,"Poecilia_parae","quality",-1.148550419,0.126650125,-0.897507020853947
15,6,"Poecilia_reticulata","quantity",-0.172413653,0.103012688,0.212118342181451
16,6,"Poecilia_reticulata","allocation",7.943450667,0.911585534,5.21054919181825
195,43,"Porichthys_notatus","quality",0.99993193,0.129415348,1.25097532814605
196,43,"Porichthys_notatus","quality",1.163327626,0.179871753,1.41437102414605
197,43,"Porichthys_notatus","quality",-0.835441692,0.167268516,-0.584398293853947
198,43,"Porichthys_notatus","quality",0.37619963,0.156567811,0.627243028146053
199,43,"Porichthys_notatus","quality",-0.043568967,0.157612262,0.207474431146053
200,43,"Porichthys_notatus","quality",-1.423340458,0.1454,-1.17229705985395
201,43,"Porichthys_notatus","quantity",-0.787346565,0.1244,-0.402814569818549
182,10,"Rhodeus_amarus","quality",0.356078009,0.156284453,0.607121407146053
183,10,"Rhodeus_amarus","quality",0.248590173,0.155034559,0.499633571146053
184,10,"Rhodeus_amarus","quality",0.413283963,0.157130839,0.664327361146053
185,10,"Rhodeus_amarus","quality",-0.166577829,0.154379773,0.0844655691460533
89,3,"Rhodeus_sericeus","allocation",-0.075026078,0.05006645,-2.80792755318175
141,4,"Salaria_pavo","gsi",-2.99672003,0.189067169,-0.358349973898892
142,4,"Salaria_pavo","gsi",-3.618975073,0.207341177,-0.980605016898892
143,4,"Salaria_pavo","quantity",4.163233045,0.21517271,4.54776504018145
144,4,"Salaria_pavo","quantity",1.784922416,0.132537533,2.16945441118145
169,40,"Salaria_pavo","quality",0.364354958,0.082361095,0.615398356146053
1,12,"Salmo_salar","gsi",-2.2219343,0.281568338,0.416435756101108
2,12,"Salmo_salar","quantity",14.01764656,1.381998367,14.4021785551815
3,12,"Salmo_salar","quantity",10.21863933,0.784116384,10.6031713251815
4,12,"Salmo_salar","quantity",-48.94699197,15.66325556,-48.5624599748185
5,12,"Salmo_salar","quantity",-23.53127636,3.701651301,-23.1467443648185
6,12,"Salmo_salar","quality",-1.854642306,0.24901847,-1.60359890785395
7,12,"Salmo_salar","quality",-1.596435975,0.229646942,-1.34539257685395
8,12,"Salmo_salar","quality",-1.438057155,0.219199128,-1.18701375685395
9,12,"Salmo_salar","quality",-2.004534836,0.261593727,-1.75349143785395
10,12,"Salmo_salar","quality",-0.298495313,0.404454973,-0.0474519148539467
11,12,"Salmo_salar","quality",-1.438530168,0.203725043,-1.18748676985395
14,22,"Salmo_salar","quality",-0.370909754,0.170698294,-0.119866355853947
41,28,"Salmo_salar","gsi",-3.038367387,0.215395955,-0.399997330898892
42,28,"Salmo_salar","quantity",-1.952214497,0.147639268,-1.56768250181855
43,28,"Salmo_salar","quality",-6.872932431,0.812311768,-6.62188903285395
44,28,"Salmo_salar","quality",-0.526304104,0.12172053,-0.275260705853947
45,28,"Salmo_salar","quality",1.033604507,0.156514864,1.28464790514605
46,28,"Salmo_salar","quality",-1.472974275,0.175503052,-1.22193087685395
47,28,"Salmo_salar","quality",0,0.166666667,0.251043398146053
67,50,"Salmo_salar","quality",0.433234072,0.298369944,0.684277470146053
68,50,"Salmo_salar","quality",-0.24171811,0.293753368,0.0093252881460533
69,50,"Salmo_salar","quality",-0.37476802,0.296682776,-0.123724621853947
70,50,"Salmo_salar","quality",-0.993370213,0.3319,-0.742326814853947
71,50,"Salmo_salar","quality",-2.241753191,0.4965,-1.99070979285395
72,50,"Salmo_salar","quality",-0.35387234,0.2968,-0.102828941853947
157,49,"Salmo_salar","quantity",2.319991775,0.304144587,2.70452377018145
158,49,"Salmo_salar","quantity",-1.798381589,0.25532219,-1.41384959381855
159,49,"Salmo_salar","gsi",-2.131814579,0.285105305,0.506555477101108
160,49,"Salmo_salar","quality",-2.436251435,0.316711842,-2.18520803685395
74,30,"Salvelinus_alpinus","quantity",0.297129228,0.101103572,0.681661223181451
75,30,"Salvelinus_alpinus","quantity",-1.133131081,0.116049826,-0.748599085818549
76,30,"Salvelinus_alpinus","quantity",-0.386920172,0.10187134,-0.00238817681854891
104,16,"Salvelinus_alpinus","quality",0.041840369,0.08697555,0.292883767146053
79,26,"Scartella_cristata","gsi",-4.053342824,0.612759903,-1.41497276789889
202,45,"Sufflogobius_bibarbatus","gsi",-3.155989301,0.086954962,-0.517619244898892
203,45,"Sufflogobius_bibarbatus","quality",2.886692502,0.079940846,3.13773590014605
205,45,"Sufflogobius_bibarbatus","quality",78.62408744,26.68948452,78.875130838146
24,24,"Symphodus_melops","gsi",-8.08795576,0.2546,-5.44958570389889
25,24,"Symphodus_melops","gsi",-4.978640884,0.1204,-2.34027082789889
36,34,"Symphodus_melops","gsi",-4.765514214,0.313402643,-2.12714415789889
37,34,"Symphodus_melops","quantity",-0.483465292,0.084051755,-0.0989332968185489
38,34,"Symphodus_melops","quality",-0.477785463,0.09350317,-0.226742064853947
65,48,"Symphodus_melops","gsi",-4.509552797,0.360867497,-1.87118274089889
66,48,"Symphodus_melops","quality",0.099798561,0.1083,0.350841959146053
96,17,"Telmatochromis_temporalis","gsi",-5.231352202,0.271467857,-2.59298214589889
99,9,"Telmatochromis_vittatus","gsi",-1.093582508,0.119057424,1.54478754810111
105,27,"Telmatochromis_vittatus","quality",-0.547131454,0.24208159,-0.296088055853947
106,27,"Telmatochromis_vittatus","quality",0.138165754,0.234296505,0.389209152146053
107,27,"Telmatochromis_vittatus","quality",0.095694265,0.234020606,0.346737663146053
137,25,"Telmatochromis_vittatus","quality",-0.257632786,0.203503426,-0.00658938785394669
138,25,"Telmatochromis_vittatus","quality",1.270904788,0.321789715,1.52194818614605
139,25,"Telmatochromis_vittatus","quality",-0.320374441,0.198761294,-0.0693310428539467
140,25,"Telmatochromis_vittatus","quality",-1.712418676,0.311404681,-1.46137527785395
13,19,"Thalassoma_bifasciatum","allocation",-2.033890236,0.101812646,-4.76679171118175
17,32,"Thalassoma_bifasciatum","quantity",-1.062698611,0.068327228,-0.678166615818549
18,32,"Thalassoma_bifasciatum","quantity",0.204677442,0.061173047,0.589209437181451
147,8,"Xiphophorus_nigrensis","quality",-0.327925166,0.106970489,-0.0768817678539467
148,8,"Xiphophorus_nigrensis","quality",-0.28227124,0.106603938,-0.0312278418539467
149,8,"Xiphophorus_nigrensis","quality",-0.594537197,0.110206536,-0.343493798853947
150,8,"Xiphophorus_nigrensis","quality",0.06978771,0.104227546,0.320831108146053
151,8,"Xiphophorus_nigrensis","quality",-0.921368478,0.114778165,-0.670325079853947
152,8,"Xiphophorus_nigrensis","quality",-0.086915079,0.104261095,0.164128319146053
153,8,"Xiphophorus_nigrensis","quality",-0.346949397,0.10567134,-0.0959059988539467
154,8,"Xiphophorus_nigrensis","quality",-0.93480762,0.123592126,-0.683764221853947
155,8,"Xiphophorus_nigrensis","quality",-0.759406965,0.148500538,-0.508363566853947
156,8,"Xiphophorus_nigrensis","quantity",0.587412587,0.1103,0.971944582181451
52,5,"Zosterisessor_ophiocephalus","allocation",0.284449741,0.161838059,-2.44845173418175
53,5,"Zosterisessor_ophiocephalus","allocation",0.085443755,0.160815683,-2.64745772018175
54,5,"Zosterisessor_ophiocephalus","allocation",0.418442555,0.163146149,-2.31445892018175
55,5,"Zosterisessor_ophiocephalus","allocation",0.530851328,0.164628218,-2.20205014718175
100,35,"Zosterisessor_ophiocephalus","gsi",-1.877800505,0.218707882,0.760569551101108
101,35,"Zosterisessor_ophiocephalus","quality",2.708316889,0.289242061,2.95936028714605
109,46,"Zosterisessor_ophiocephalus","quality",0.240625749,0.134298346,0.491669147146053
113,46,"Zosterisessor_ophiocephalus","quality",0,0.142857143,0.251043398146053
114,46,"Zosterisessor_ophiocephalus","quality",0.043684324,0.14289122,0.294727722146053
115,46,"Zosterisessor_ophiocephalus","quality",-0.13013459,0.143159554,0.120908808146053
117,46,"Zosterisessor_ophiocephalus","quality",0,0.181818182,0.251043398146053
